{
  "x": 0,
  "y": 0,
  "width": 1908.800048828125,
  "height": 9426.6337890625
}