{
  "x": 749.0499877929688,
  "y": 70,
  "width": 94.91665649414062,
  "height": 52
}