{
  "height": 22,
  "width": 84,
  "x": 769.4000244140625,
  "y": 9225.4755859375
}