{
  "x": 967,
  "y": 9227.783203125,
  "width": 83.94999694824219,
  "height": 22
}