{
  "x": 961.4000244140624,
  "y": 9225.5830078125,
  "width": 83.95001220703125,
  "height": 22
}